{
  "mse": 0.008263125084340572,
  "rmse": 0.09090173244476318,
  "mae": 0.0544963963329792,
  "r2": 0.7002581357955933,
  "test_loss": 0.008044054062338546
}